"Sample.ID","Experiment","Channel","Participant","PAM50","ER.Status","PR.Status","HER2.Status","TP53.mutation","PIK3CA.mutation","GATA3.mutation","Proteome.Cluster","QC.status","Type"
"AO.A12D.01TCGA",1,114,"AO-A12D","Her2","Negative","Negative","Positive",1,0,0,1,"QC.pass","Tumor"
"C8.A131.01TCGA",1,115,"C8-A131","Basal","Negative","Negative","Negative",1,1,0,1,"QC.pass","Tumor"
"AO.A12B.01TCGA",1,116,"AO-A12B","LumB","Positive","Positive","Negative",0,0,0,2,"QC.pass","Tumor"
"BH.A18Q.02TCGA",2,115,"BH-A18Q","Basal","Negative","Negative","Negative",1,0,0,1,"QC.pass","Tumor"
"C8.A130.02TCGA",2,116,"C8-A130","Her2","Positive","Positive","Equivocal",1,1,0,2,"QC.pass","Tumor"
"C8.A138.03TCGA",3,114,"C8-A138","Her2","Positive","Negative","Positive",1,0,0,2,"QC.pass","Tumor"
"E2.A154.03TCGA",3,115,"E2-A154","LumA","Positive","Positive","Negative",0,1,0,3,"QC.pass","Tumor"
"C8.A12L.04TCGA",4,115,"C8-A12L","Her2","Negative","Negative","Positive",1,1,0,1,"QC.pass","Tumor"
"A2.A0EX.04TCGA",4,116,"A2-A0EX","LumA","Positive","Positive","Negative",0,1,0,3,"QC.pass","Tumor"
"AN.A04A.05TCGA",5,115,"AN-A04A","LumA","Positive","Positive","Negative",0,0,1,2,"QC.pass","Tumor"
"BH.A0AV.05TCGA",5,116,"BH-A0AV","Basal","Negative","Negative","Negative",1,0,0,3,"QC.pass","Tumor"
"C8.A12T.06TCGA",6,116,"C8-A12T","Her2","Positive","Positive","Positive",0,1,0,2,"QC.pass","Tumor"
"A8.A06Z.07TCGA",7,114,"A8-A06Z","LumB","Positive","Positive","Negative",0,0,0,2,"QC.pass","Tumor"
"A2.A0CM.07TCGA",7,116,"A2-A0CM","Basal","Negative","Negative","Negative",1,0,0,1,"QC.pass","Tumor"
"BH.A18U.08TCGA",8,114,"BH-A18U","LumB","Positive","Positive","Positive",1,0,0,3,"QC.pass","Tumor"
"A2.A0EQ.08TCGA",8,116,"A2-A0EQ","Her2","Negative","Negative","Positive",1,1,0,1,"QC.pass","Tumor"
"AR.A0U4.09TCGA",9,115,"AR-A0U4","Basal","Negative","Negative","Negative",1,0,0,1,"QC.pass","Tumor"
"AO.A0J9.10TCGA",10,115,"AO-A0J9","LumA","Positive","Positive","Negative",0,0,0,3,"QC.pass","Tumor"
"AR.A1AP.11TCGA",11,114,"AR-A1AP","LumA","Positive","Positive","Negative",1,0,1,2,"QC.pass","Tumor"
"AN.A0FK.11TCGA",11,115,"AN-A0FK","LumB","Positive","Positive","Negative",0,0,0,2,"QC.pass","Tumor"
"AO.A0J6.11TCGA",11,116,"AO-A0J6","Basal","Negative","Negative","Negative",1,0,0,3,"QC.pass","Tumor"
"A7.A13F.12TCGA",12,115,"A7-A13F","LumB","Positive","Positive","Negative",0,0,0,2,"QC.pass","Tumor"
"BH.A0E1.12TCGA",12,116,"BH-A0E1","LumA","Positive","Positive","Negative",0,0,0,3,"QC.pass","Tumor"
"A7.A0CE.13TCGA",13,114,"A7-A0CE","Basal","Negative","Negative","Negative",1,0,0,1,"QC.pass","Tumor"
"A2.A0YC.13TCGA",13,116,"A2-A0YC","LumA","Positive","Positive","Negative",0,1,0,2,"QC.pass","Tumor"
"AO.A0JC.14TCGA",14,114,"AO-A0JC","LumB","Positive","Positive","Negative",0,1,0,2,"QC.pass","Tumor"
"A8.A08Z.14TCGA",14,115,"A8-A08Z","LumA","Positive","Positive","Negative",0,1,0,2,"QC.pass","Tumor"
"AR.A0TX.14TCGA",14,116,"AR-A0TX","Her2","Positive","Positive","Positive",1,0,0,3,"QC.pass","Tumor"
"A8.A076.15TCGA",15,115,"A8-A076","Her2","Positive","Positive","Positive",0,0,0,2,"QC.pass","Tumor"
"AO.A126.15TCGA",15,116,"AO-A126","LumA","Positive","Positive","Negative",0,1,0,2,"QC.pass","Tumor"
"BH.A0C1.16TCGA",16,115,"BH-A0C1","LumA","Positive","Positive","Negative",0,0,0,1,"QC.pass","Tumor"
"A2.A0EY.16TCGA",16,116,"A2-A0EY","LumB","Positive","Negative","Positive",1,1,0,3,"QC.pass","Tumor"
"AR.A1AW.17TCGA",17,114,"AR-A1AW","LumA","Positive","Positive","Negative",1,1,0,2,"QC.pass","Tumor"
"AR.A1AV.17TCGA",17,115,"AR-A1AV","LumB","Positive","Positive","Negative",0,1,1,2,"QC.pass","Tumor"
"C8.A135.17TCGA",17,116,"C8-A135","Her2","Negative","Negative","Positive",1,0,0,3,"QC.pass","Tumor"
"A2.A0EV.18TCGA",18,114,"A2-A0EV","LumA","Positive","Positive","Negative",0,1,0,3,"QC.pass","Tumor"
"AN.A0AM.18TCGA",18,115,"AN-A0AM","LumB","Positive","Negative","Negative",0,0,1,2,"QC.pass","Tumor"
"D8.A142.18TCGA",18,116,"D8-A142","Basal","Negative","Negative","Negative",1,0,0,3,"QC.pass","Tumor"
"AN.A0FL.19TCGA",19,114,"AN-A0FL","Basal","Negative","Negative","Negative",1,0,0,1,"QC.pass","Tumor"
"BH.A0DG.19TCGA",19,115,"BH-A0DG","LumA","Positive","Negative","Negative",0,0,1,2,"QC.pass","Tumor"
"AR.A0TV.20TCGA",20,114,"AR-A0TV","LumB","Positive","Positive","Negative",1,0,0,2,"QC.pass","Tumor"
"C8.A12Z.20TCGA",20,115,"C8-A12Z","Her2","Negative","Negative","Positive",1,0,0,3,"QC.pass","Tumor"
"AO.A0JJ.20TCGA",20,116,"AO-A0JJ","LumA","Positive","Positive","Negative",0,0,0,3,"QC.pass","Tumor"
"AO.A0JE.21TCGA",21,114,"AO-A0JE","Her2","Negative","Negative","Positive",1,1,0,3,"QC.pass","Tumor"
"AN.A0AJ.21TCGA",21,116,"AN-A0AJ","LumB","Positive","Positive","Positive",1,1,0,2,"QC.pass","Tumor"
"A7.A0CJ.22TCGA",22,114,"A7-A0CJ","LumB","Positive","Positive","Negative",1,1,0,2,"QC.pass","Tumor"
"AO.A12F.22TCGA",22,115,"AO-A12F","Basal","Negative","Negative","Negative",1,0,0,1,"QC.pass","Tumor"
"A8.A079.23TCGA",23,116,"A8-A079","LumB","Positive","Positive","Negative",1,0,0,2,"QC.pass","Tumor"
"A2.A0T3.24TCGA",24,115,"A2-A0T3","LumB","Positive","Positive","Negative",1,0,0,3,"QC.pass","Tumor"
"A2.A0YD.24TCGA",24,116,"A2-A0YD","LumA","Positive","Positive","Negative",0,1,0,3,"QC.pass","Tumor"
"AR.A0TR.25TCGA",25,114,"AR-A0TR","LumA","Positive","Positive","Negative",0,1,0,2,"QC.pass","Tumor"
"AO.A03O.25TCGA",25,115,"AO-A03O","LumB","Positive","Positive","Negative",1,1,0,2,"QC.pass","Tumor"
"AO.A12E.26TCGA",26,114,"AO-A12E","LumA","Positive","Positive","Negative",0,0,0,2,"QC.pass","Tumor"
"A8.A06N.26TCGA",26,115,"A8-A06N","LumB","Positive","Negative","Negative",0,0,0,2,"QC.pass","Tumor"
"A2.A0YG.27TCGA",27,114,"A2-A0YG","LumB","Positive","Positive","Positive",1,0,0,3,"QC.pass","Tumor"
"BH.A18N.27TCGA",27,116,"BH-A18N","LumA","Positive","Positive","Negative",0,0,0,2,"QC.pass","Tumor"
"AN.A0AL.28TCGA",28,116,"AN-A0AL","Basal","Negative","Negative","Negative",1,0,0,1,"QC.pass","Tumor"
"A2.A0T6.29TCGA",29,114,"A2-A0T6","LumA","Positive","Positive","Negative",0,0,0,3,"QC.pass","Tumor"
"E2.A158.29TCGA",29,115,"E2-A158","Basal","Negative","Negative","Negative",1,0,0,1,"QC.pass","Tumor"
"E2.A15A.29TCGA",29,116,"E2-A15A","LumB","Positive","Positive","Negative",0,0,0,2,"QC.pass","Tumor"
"AO.A0JM.30TCGA",30,114,"AO-A0JM","LumB","Positive","Positive","Positive",0,0,0,2,"QC.pass","Tumor"
"C8.A12V.30TCGA",30,115,"C8-A12V","Basal","Negative","Negative","Negative",0,0,0,1,"QC.pass","Tumor"
"A2.A0D2.31TCGA",31,114,"A2-A0D2","Basal","Negative","Negative","Negative",1,0,0,1,"QC.pass","Tumor"
"C8.A12U.31TCGA",31,115,"C8-A12U","LumB","Positive","Positive","Negative",0,1,0,1,"QC.pass","Tumor"
"AR.A1AS.31TCGA",31,116,"AR-A1AS","LumA","Positive","Positive","Negative",1,1,1,2,"QC.pass","Tumor"
"A8.A09G.32TCGA",32,114,"A8-A09G","Her2","Positive","Negative","Positive",0,0,0,1,"QC.pass","Tumor"
"C8.A134.32TCGA",32,116,"C8-A134","Basal","Negative","Negative","Negative",1,0,0,1,"QC.pass","Tumor"
"A2.A0YF.33TCGA",33,114,"A2-A0YF","LumA","Positive","Negative","Negative",0,0,0,3,"QC.pass","Tumor"
"BH.A0DD.33TCGA",33,115,"BH-A0DD","LumB","Positive","Positive","Positive",0,1,0,2,"QC.pass","Tumor"
"BH.A0E9.33TCGA",33,116,"BH-A0E9","LumA","Positive","Positive","Negative",0,0,0,3,"QC.pass","Tumor"
"AR.A0TT.34TCGA",34,114,"AR-A0TT","LumB","Positive","Negative","Negative",0,0,0,1,"QC.pass","Tumor"
"A2.A0SW.35TCGA",35,114,"A2-A0SW","LumB","Positive","Negative","Negative",1,0,0,3,"QC.pass","Tumor"
"AO.A0JL.35TCGA",35,115,"AO-A0JL","Basal","Negative","Negative","Negative",1,0,0,3,"QC.pass","Tumor"
"BH.A0BV.35TCGA",35,116,"BH-A0BV","LumA","Positive","Positive","Negative",0,1,0,3,"QC.pass","Tumor"
"A2.A0YM.36TCGA",36,114,"A2-A0YM","Basal","Negative","Negative","Negative",1,0,0,3,"QC.pass","Tumor"
"BH.A0C7.36TCGA",36,115,"BH-A0C7","LumB","Positive","Negative","Positive",0,0,1,3,"QC.pass","Tumor"
"A2.A0SX.36TCGA",36,116,"A2-A0SX","Basal","Negative","Negative","Negative",1,0,0,3,"QC.pass","Tumor"
